fold,accuracy,weighted_f1,kappa,species_acc,zone_mae_mm
1,0.8666666666666667,0.8676216285972385,0.7309417040358744,0.5333333333333333,
2,0.8333333333333334,0.8451851851851852,0.7148288973384029,0.43333333333333335,
3,0.8620689655172413,0.8668582375478927,0.7552742616033755,0.5172413793103449,
4,0.8620689655172413,0.8563218390804598,0.7387387387387387,0.5517241379310345,
5,0.9310344827586207,0.9330554502968296,0.8648018648018648,0.5862068965517241,
