fold,accuracy,weighted_f1,kappa,species_acc,zone_mae_mm
1,0.6666666666666666,0.5333333333333333,0.0,,
2,0.7666666666666667,0.7363143631436314,0.5291479820627802,,
3,0.6896551724137931,0.6780207457246987,0.34256926952141065,,
4,0.7586206896551724,0.7701149425287357,0.5717299578059072,,
5,0.896551724137931,0.8885019284377745,0.7590027700831025,,
